feature,mean_abs_shap
AirTemp,5.570628339017286
TrackTemp,4.803063610474406
NormLapNumber,0.9153717841138703
FuelLoad,0.646630338508962
FuelEffect,0.5703213429813406
CompoundEncoded,0.17905452189461266
CompoundXTyreLife,0.14441528490185485
TyreAgeSq,0.14401494880124144
TyreLife,0.14014432574697516
TyreAgeCubed,0.1393496729305962
StintPhase,0.009295625549037479
